English_Name,Korean_Name,Personalities_Korean,Personalities_Count,Personalities_List
Aldo,Aldo,"Guiding Light, New Radical Dreamers, New Time Drift, Protagonist, Arcadia, Baruoki, Concerto Artes, Demon Sword, Dragon, Forager, Itto-Ryu, Sword, Fire",13,Guiding Light|New Radical Dreamers|New Time Drift|Protagonist|Arcadia|Baruoki|Concerto Artes|Demon Sword|Dragon|Forager|Itto-Ryu|Sword|Fire
Shigure,Shigure,"Cat lover, Childhood Friend, Eastern, Itto-Ryu, Land of Mi, Mounted, Spicy Lover, Katana, Water",9,Cat lover|Childhood Friend|Eastern|Itto-Ryu|Land of Mi|Mounted|Spicy Lover|Katana|Water
Senya,Senya,"Eastern, Avenger, Cursed, Fairy, Hood, Land of Mi, Katana, Fire, Shade",9,Eastern|Avenger|Cursed|Fairy|Hood|Land of Mi|Katana|Fire|Shade
Tsukiha,Tsukiha,"Eastern, Mask, Avenger, Cursed, Fairy, Land of Ro, Royalty, Katana, Fire",9,Eastern|Mask|Avenger|Cursed|Fairy|Land of Ro|Royalty|Katana|Fire
Oboro,Oboro,"Cat lover, Eastern, Mask, Itto-Ryu, KMS, Lovesick, Katana, Thunder",8,Cat lover|Eastern|Mask|Itto-Ryu|KMS|Lovesick|Katana|Thunder
Shion,Shion,"Cat lover, Childhood Friend, Eastern, Itto-Ryu, Land of Mi, Mounted, Katana, Fire",8,Cat lover|Childhood Friend|Eastern|Itto-Ryu|Land of Mi|Mounted|Katana|Fire
Jet Tactician,Jet Tactician,"Cat lover, Eastern, Bookworm, Gun, Itto-Ryu, Land of Mi, Staff, Fire",8,Cat lover|Eastern|Bookworm|Gun|Itto-Ryu|Land of Mi|Staff|Fire
Melina,Melina,"Clergy, Minstrel, Sweet tooth, Miner, Royalty, West, Hammer, Water",8,Clergy|Minstrel|Sweet tooth|Miner|Royalty|West|Hammer|Water
Sazanca,Sazanca,"Eastern, Arcadia, Dragon Killer, Forager, Glutton, Shield, Ax, Fire",8,Eastern|Arcadia|Dragon Killer|Forager|Glutton|Shield|Ax|Fire
Curio,Curio,"IDA School, Sweet tooth, Bookworm, Lost Laboratory, Power to Rule, Katana, Wind, Shade",8,IDA School|Sweet tooth|Bookworm|Lost Laboratory|Power to Rule|Katana|Wind|Shade
Hardy,Hardy,"Sweet tooth, Dog lover, Gun, Outlaw, Weapons, Zoology, Fists, Fire",8,Sweet tooth|Dog lover|Gun|Outlaw|Weapons|Zoology|Fists|Fire
Mazrika,Mazrika,"Beast, Sweet tooth, Hood, Napper, Purgatory, Ax, Water",7,Beast|Sweet tooth|Hood|Napper|Purgatory|Ax|Water
May,May,"Blacksmith, Glasses, Baruoki, Lovesick, Miner, Hammer, Earth",7,Blacksmith|Glasses|Baruoki|Lovesick|Miner|Hammer|Earth
Necoco,Necoco,"Cat lover, Eastern, Animal Talker, Fairy, Land of Mi, Ax, Earth",7,Cat lover|Eastern|Animal Talker|Fairy|Land of Mi|Ax|Earth
Thornbound Witch,Thornbound Witch,"Cat lover, Cursed, Hood, Lovesick, Hammer, Wind, Shade",7,Cat lover|Cursed|Hood|Lovesick|Hammer|Wind|Shade
Nocturne Ninja,Nocturne Ninja,"Cat lover, Eastern, Glutton, Land of Mi, Ninja, Fists, Wind",7,Cat lover|Eastern|Glutton|Land of Mi|Ninja|Fists|Wind
Hozuki,Hozuki,"Cooking, Eastern, Fairy, Land of Shin, Spicy Lover, Bow, Fire",7,Cooking|Eastern|Fairy|Land of Shin|Spicy Lover|Bow|Fire
Vermillion Whip,Vermillion Whip,"Cooking, Eastern, Fairy, Land of Shin, Spicy Lover, Lance, Fire",7,Cooking|Eastern|Fairy|Land of Shin|Spicy Lover|Lance|Fire
Ruby-Sleeved Merchant,Ruby-Sleeved Merchant,"Eastern, Itto-Ryu, Land of Mi, Scallywag, Spicy Lover, Sword, Earth",7,Eastern|Itto-Ryu|Land of Mi|Scallywag|Spicy Lover|Sword|Earth
Noble Blossom,Noble Blossom,"Eastern, Bookworm, Fairy, Land of Ro, Royalty, Lance, Fire",7,Eastern|Bookworm|Fairy|Land of Ro|Royalty|Lance|Fire
Dewey,Dewey,"Glasses, Bookworm, Gun, Lost Laboratory, Lovesick, Fists, Water",7,Glasses|Bookworm|Gun|Lost Laboratory|Lovesick|Fists|Water
Ewan,Ewan,"Glasses, Sweet tooth, Cursed, Miner, Weapons, Hammer, Fire",7,Glasses|Sweet tooth|Cursed|Miner|Weapons|Hammer|Fire
Red Clad Flam.,Red Clad Flam.,"IDA School, Gun, Hood, Lost Laboratory, Fists, Fire, Crystal",7,IDA School|Gun|Hood|Lost Laboratory|Fists|Fire|Crystal
Isuka,Isuka,"IDA School, Bookworm, COA, Lost Laboratory, Power to Rule, Katana, Wind",7,IDA School|Bookworm|COA|Lost Laboratory|Power to Rule|Katana|Wind
Mistrare,Mistrare,"Minstrel, Bookworm, Nicknamer, West, Bow, Wind, Crystal",7,Minstrel|Bookworm|Nicknamer|West|Bow|Wind|Crystal
Cynthia,Cynthia,"Art, Bind, Bookworm, Gourmet, Royalty, Sword, Wind",7,Art|Bind|Bookworm|Gourmet|Royalty|Sword|Wind
Sophia,Sophia,"Art, Bind, Gourmet, Weapons, Zoology, Ax, Water",7,Art|Bind|Gourmet|Weapons|Zoology|Ax|Water
Shionne,Shionne,"Concerto Artes, Cursed, Glutton, Gun, Tales of, Bow, Fire",7,Concerto Artes|Cursed|Glutton|Gun|Tales of|Bow|Fire
Dunarith,Dunarith,"Beast, Animal Talker, Funeral, Purgatory, Staff, Wind",6,Beast|Animal Talker|Funeral|Purgatory|Staff|Wind
Dream Weaver,Dream Weaver,"Beast, Minstrel, Purgatory, Spicy Lover, Staff, Water",6,Beast|Minstrel|Purgatory|Spicy Lover|Staff|Water
Amy,Amy,"Blacksmith, Cooking, Avenger, Spirit-fused, Fists, Wind",6,Blacksmith|Cooking|Avenger|Spirit-fused|Fists|Wind
Nopaew,Nopaew,"Blacksmith, Estrangement, Hood, Miner, Hammer, Wind",6,Blacksmith|Estrangement|Hood|Miner|Hammer|Wind
Alma,Alma,"Cat lover, Glasses, Alchemist, Gun, Bow, Crystal",6,Cat lover|Glasses|Alchemist|Gun|Bow|Crystal
Feinne,Feinne,"Cat lover, Cooking, Baruoki, Demon Sword, Geo, Staff",6,Cat lover|Cooking|Baruoki|Demon Sword|Geo|Staff
Jillfunny,Jillfunny,"Cat lover, Amnesia, Hood, Sword, Water, Crystal",6,Cat lover|Amnesia|Hood|Sword|Water|Crystal
Kikyo,Kikyo,"Cat lover, Eastern, Avenger, Mounted, Ax, Wind",6,Cat lover|Eastern|Avenger|Mounted|Ax|Wind
Riica,Riica,"Cat lover, KMS, Machinery, Miner, Hammer, Earth",6,Cat lover|KMS|Machinery|Miner|Hammer|Earth
Rosetta,Rosetta,"Cat lover, Clergy, Sharp Ears, West, Staff, Fire",6,Cat lover|Clergy|Sharp Ears|West|Staff|Fire
Otoha,Otoha,"Cat lover, Eastern, Land of Mi, Zoology, Katana, Earth",6,Cat lover|Eastern|Land of Mi|Zoology|Katana|Earth
Flammelapis,Flammelapis,"Clergy, Demon Sword, Glutton, Titan, Staff, Water",6,Clergy|Demon Sword|Glutton|Titan|Staff|Water
Thillelille,Thillelille,"Clergy, Sweet tooth, West, Sword, Fire, Shade",6,Clergy|Sweet tooth|West|Sword|Fire|Shade
Yipha,Yipha,"Clergy, Lovesick, Nicknamer, Spicy Lover, Hammer, Wind",6,Clergy|Lovesick|Nicknamer|Spicy Lover|Hammer|Wind
Lingli,Lingli,"Cooking, Eastern, Land of Shin, MMA, Fists, Fire",6,Cooking|Eastern|Land of Shin|MMA|Fists|Fire
Samora,Samora,"Cooking, Dwarf, Gourmet, Miner, Hammer, Fire",6,Cooking|Dwarf|Gourmet|Miner|Hammer|Fire
Levia,Levia,"Dragon Palace, Amnesia, Bind, Fishman, Staff, Water",6,Dragon Palace|Amnesia|Bind|Fishman|Staff|Water
Azami,Azami,"Eastern, Sweet tooth, Land of Mi, Lovesick, Katana, Wind",6,Eastern|Sweet tooth|Land of Mi|Lovesick|Katana|Wind
Izuna,Izuna,"Eastern, Mask, Amnesia, Estrangement, Staff, Thunder",6,Eastern|Mask|Amnesia|Estrangement|Staff|Thunder
Kagurame,Kagurame,"Eastern, Fairy, Funeral, Sharp Ears, Hammer, Shade",6,Eastern|Fairy|Funeral|Sharp Ears|Hammer|Shade
Myunfa,Myunfa,"Eastern, Bind, Land of Shin, Lovesick, Hammer, Earth",6,Eastern|Bind|Land of Shin|Lovesick|Hammer|Earth
Tsubame,Tsubame,"Eastern, Glutton, Land of Mi, Ninja, Fists, Earth",6,Eastern|Glutton|Land of Mi|Ninja|Fists|Earth
Veina,Veina,"Elf, Bookworm, Forager, Zoology, Staff, Wind",6,Elf|Bookworm|Forager|Zoology|Staff|Wind
Ruina,Ruina,"Elf, Glasses, IDA School, Bookworm, Sword, Wind",6,Elf|Glasses|IDA School|Bookworm|Sword|Wind
Ashtear,Ashtear,"Glasses, Scientist, Baruoki, Gun, Fists, Fire",6,Glasses|Scientist|Baruoki|Gun|Fists|Fire
Joker,Joker,"Glasses, Mask, Phantom Thieves of Hearts, Gun, Sword, Fire",6,Glasses|Mask|Phantom Thieves of Hearts|Gun|Sword|Fire
Sevyn,Sevyn,"Glasses, IDA School, Lost Laboratory, Spirit Talker, Staff, Wind",6,Glasses|IDA School|Lost Laboratory|Spirit Talker|Staff|Wind
Claude,Claude,"IDA School, Bookworm, Dragon, Royalty, Bow, Wind",6,IDA School|Bookworm|Dragon|Royalty|Bow|Wind
Alphen,Alphen,"Mask, Amnesia, Concerto Artes, Tales of, Sword, Fire",6,Mask|Amnesia|Concerto Artes|Tales of|Sword|Fire
Biaka,Biaka,"Mask, Gun, Military, Outlaw, Hammer, Wind",6,Mask|Gun|Military|Outlaw|Hammer|Wind
Virtual Reflection,Virtual Reflection,"Mask, Sweet tooth, Hood, Hammer, Earth, Thunder",6,Mask|Sweet tooth|Hood|Hammer|Earth|Thunder
Violet,Violet,"Mask, Phantom Thieves of Hearts, Glutton, Gun, Sword, Earth",6,Mask|Phantom Thieves of Hearts|Glutton|Gun|Sword|Earth
Anabel,Anabel,"Miglance Palace, Sweet tooth, Mounted, Shield, Sword, Water",6,Miglance Palace|Sweet tooth|Mounted|Shield|Sword|Water
Deirdre,Deirdre,"Miglance Palace, Amnesia, Demon Sword, Outlaw, Sword, Earth",6,Miglance Palace|Amnesia|Demon Sword|Outlaw|Sword|Earth
Felmina,Felmina,"Miglance Palace, Hood, Ninja, Outlaw, Fists, Wind",6,Miglance Palace|Hood|Ninja|Outlaw|Fists|Wind
Milsha,Milsha,"Minstrel, Fishman, West, Lance, Earth, Shade",6,Minstrel|Fishman|West|Lance|Earth|Shade
Galliard,Galliard,"Synth Human, Gun, Mounted, Outlaw, Lance, Earth",6,Synth Human|Gun|Mounted|Outlaw|Lance|Earth
Clarte,Clarte,"Amnesia, Geo, West, Staff, Earth, Crystal",6,Amnesia|Geo|West|Staff|Earth|Crystal
Nona,Nona,"Amnesia, Hood, Royalty, Bow, Water, Shade",6,Amnesia|Hood|Royalty|Bow|Water|Shade
Utpalaka,Utpalaka,"Arcadia, Dragon, Dragon Killer, Purgatory, Ax, Thunder",6,Arcadia|Dragon|Dragon Killer|Purgatory|Ax|Thunder
Wryz,Wryz,"Arcadia, Cursed, Dragon, Dragon Killer, Lance, Water",6,Arcadia|Cursed|Dragon|Dragon Killer|Lance|Water
Wenefica,Wenefica,"Avenger, Baruoki, Cursed, Bow, Water, Shade",6,Avenger|Baruoki|Cursed|Bow|Water|Shade
Cyrus Albright,Cyrus Albright,"Bookworm, Traveler, Staff, Fire, Water, Thunder",6,Bookworm|Traveler|Staff|Fire|Water|Thunder
Undercover Scribe,Undercover Scribe,"Bookworm, Gun, Outlaw, Spicy Lover, Fists, Fire",6,Bookworm|Gun|Outlaw|Spicy Lover|Fists|Fire
Kamlanage,Kamlanage,"Chronos Empire, Future Revolutionary, Paradoxical Dreamers' Leader, Prince of Time, Staff, Thunder",6,Chronos Empire|Future Revolutionary|Paradoxical Dreamers' Leader|Prince of Time|Staff|Thunder
Minalca,Minalca,"Chronos Empire, Glutton, Military, Outlaw, Sword, Fire",6,Chronos Empire|Glutton|Military|Outlaw|Sword|Fire
Nilya,Nilya,"Dog lover, Forager, MMA, Nicknamer, Fists, Crystal",6,Dog lover|Forager|MMA|Nicknamer|Fists|Crystal
Mai,Mai,"KOF, Lovesick, MMA, Ninja, Fists, Fire",6,KOF|Lovesick|MMA|Ninja|Fists|Fire
Rovella,Rovella,"Lost Laboratory, Machinery, Military, Outlaw, Bow, Water",6,Lost Laboratory|Machinery|Military|Outlaw|Bow|Water
Altena,Altena,"Beast, Demon Sword, Royalty, Spirit Talker, Bow",5,Beast|Demon Sword|Royalty|Spirit Talker|Bow
Guildna,Guildna,"Beast, Luring Shadow, Royalty, Sword, Fire",5,Beast|Luring Shadow|Royalty|Sword|Fire
Zeviro,Zeviro,"Beast, Hood, Purgatory, Ax, Water",5,Beast|Hood|Purgatory|Ax|Water
Bivette,Bivette,"Cat lover, Animal Talker, Spirit Talker, Staff, Fire",5,Cat lover|Animal Talker|Spirit Talker|Staff|Fire
Elga,Elga,"Cat lover, Amnesia, Hood, Katana, Earth",5,Cat lover|Amnesia|Hood|Katana|Earth
Shannon,Shannon,"Cat lover, Art, KMS, Sword, Wind",5,Cat lover|Art|KMS|Sword|Wind
Prai,Prai,"Clergy, Miner, West, Hammer, Fire",5,Clergy|Miner|West|Hammer|Fire
Lovely,Lovely,"Cooking, Dwarf, Nicknamer, Fists, Fire",5,Cooking|Dwarf|Nicknamer|Fists|Fire
Premaya,Premaya,"Cooking, Lost Laboratory, Machinery, Bow, Earth",5,Cooking|Lost Laboratory|Machinery|Bow|Earth
Nagi,Nagi,"Dragon Palace, Glutton, Royalty, Ax, Earth",5,Dragon Palace|Glutton|Royalty|Ax|Earth
Sheila,Sheila,"Dragon Palace, Fishman, Royalty, Lance, Water",5,Dragon Palace|Fishman|Royalty|Lance|Water
Akane,Akane,"Eastern, Itto-Ryu, Land of Mi, Katana, Fire",5,Eastern|Itto-Ryu|Land of Mi|Katana|Fire
Blooming Blade,Blooming Blade,"Eastern, Itto-Ryu, Land of Mi, Katana, Earth",5,Eastern|Itto-Ryu|Land of Mi|Katana|Earth
Cyrus,Cyrus,"Eastern, Guiding Light, Cursed, Katana, Water",5,Eastern|Guiding Light|Cursed|Katana|Water
Garambarrel,Garambarrel,"Eastern, Cursed, Titan, Lance, Wind",5,Eastern|Cursed|Titan|Lance|Wind
Heena,Heena,"Eastern, Land of Ro, Machinery, Katana, Wind",5,Eastern|Land of Ro|Machinery|Katana|Wind
Porcelain Pixie,Porcelain Pixie,"Eastern, Bind, Land of Shin, Staff, Earth",5,Eastern|Bind|Land of Shin|Staff|Earth
Xianhua,Xianhua,"Eastern, Scientist, Synth Human, KMS, Staff",5,Eastern|Scientist|Synth Human|KMS|Staff
Hoarfrost Songstress,Hoarfrost Songstress,"Eastern, Minstrel, Fairy, Bow, Water",5,Eastern|Minstrel|Fairy|Bow|Water
Nero,Nero,"Eastern, Land of Shin, MMA, Fists, Water",5,Eastern|Land of Shin|MMA|Fists|Water
Melpiphia,Melpiphia,"Elf, Arcadia, Nicknamer, Sword, Wind",5,Elf|Arcadia|Nicknamer|Sword|Wind
Cerrine,Cerrine,"Glasses, IDA School, Outlaw, Fists, Earth",5,Glasses|IDA School|Outlaw|Fists|Earth
Cetie,Cetie,"Glasses, COA, Mounted, Lance, Fire",5,Glasses|COA|Mounted|Lance|Fire
Renri,Renri,"Glasses, Sweet tooth, COA, Ax, Fire",5,Glasses|Sweet tooth|COA|Ax|Fire
Krervo,Krervo,"Glasses, Scientist, Forager, KMS, Staff",5,Glasses|Scientist|Forager|KMS|Staff
Yazuki,Yazuki,"Glasses, Outlaw, Scallywag, Ax, Wind",5,Glasses|Outlaw|Scallywag|Ax|Wind
Nonold,Nonold,"IDA School, Scientist, Forager, KMS, Staff",5,IDA School|Scientist|Forager|KMS|Staff
Ilulu,Ilulu,"Mask, Hood, Purgatory, Ax, Wind",5,Mask|Hood|Purgatory|Ax|Wind
Skull,Skull,"Mask, Phantom Thieves of Hearts, Gun, Hammer, Thunder",5,Mask|Phantom Thieves of Hearts|Gun|Hammer|Thunder
Cyuca,Cyuca,"Mask, Outlaw, Spicy Lover, Ax, Wind",5,Mask|Outlaw|Spicy Lover|Ax|Wind
Raven,Raven,"Mask, Amnesia, Hood, Staff, Earth",5,Mask|Amnesia|Hood|Staff|Earth
Aisha,Aisha,"Minstrel, Cursed, Staff, Fire, Water",5,Minstrel|Cursed|Staff|Fire|Water
Harle,Harle,"New Time Drift, Scars of the Wheel of Time, Staff, Fire, Shade",5,New Time Drift|Scars of the Wheel of Time|Staff|Fire|Shade
Morgana,Morgana,"Phantom Thieves of Hearts, Amnesia, Lovesick, Sword, Wind",5,Phantom Thieves of Hearts|Amnesia|Lovesick|Sword|Wind
Kula,Kula,"Sweet tooth, KOF, MMA, Fists, Water",5,Sweet tooth|KOF|MMA|Fists|Water
Suzette,Suzette,"Sweet tooth, Gourmet, Lost Laboratory, Lance, Wind",5,Sweet tooth|Gourmet|Lost Laboratory|Lance|Wind
Cyan Scyther,Cyan Scyther,"Sweet tooth, Gourmet, Lost Laboratory, Ax, Wind",5,Sweet tooth|Gourmet|Lost Laboratory|Ax|Wind
Melissa,Melissa,"Synth Human, KMS, Katana, Wind, Crystal",5,Synth Human|KMS|Katana|Wind|Crystal
Beautiful Stranger,Beautiful Stranger,"Amnesia, Dog lover, KMS, Sword, Earth",5,Amnesia|Dog lover|KMS|Sword|Earth
Cerius,Cerius,"Arcadia, Dragon Killer, Spicy Lover, Bow, Earth",5,Arcadia|Dragon Killer|Spicy Lover|Bow|Earth
Zilva,Zilva,"Art, Forager, Outlaw, Ax, Earth",5,Art|Forager|Outlaw|Ax|Earth
Ryza,Ryza,"Atelier, Forager, Miner, Staff, Fire",5,Atelier|Forager|Miner|Staff|Fire
Laclair,Laclair,"Avenger, Dog lover, Dragon Killer, Bow, Water",5,Avenger|Dog lover|Dragon Killer|Bow|Water
Victor,Victor,"Baruoki, Cursed, Katana, Wind, Thunder",5,Baruoki|Cursed|Katana|Wind|Thunder
Nomar,Nomar,"Baruoki, Miner, Weapons, Lance, Water",5,Baruoki|Miner|Weapons|Lance|Water
Daisy,Daisy,"Dog lover, Purgatory, Spicy Lover, Hammer, Earth",5,Dog lover|Purgatory|Spicy Lover|Hammer|Earth
Benedict,Benedict,"Forager, Outlaw, Woodcutter, Ax, Wind",5,Forager|Outlaw|Woodcutter|Ax|Wind
Toova,Toova,"Funeral, Nicknamer, Spirit-fused, Staff, Earth",5,Funeral|Nicknamer|Spirit-fused|Staff|Earth
Iphi,Iphi,"Gun, Spicy Lover, Staff, Fire, Shade",5,Gun|Spicy Lover|Staff|Fire|Shade
Kyo,Kyo,"KOF, MMA, Mounted, Fists, Fire",5,KOF|MMA|Mounted|Fists|Fire
Black Clad Sw.,Black Clad Sw.,"Lost Laboratory, Power to Rule, Katana, Earth, Shade",5,Lost Laboratory|Power to Rule|Katana|Earth|Shade
Silver Striker,Silver Striker,"Lost Laboratory, Machinery, Bow, Water, Thunder",5,Lost Laboratory|Machinery|Bow|Water|Thunder
Lokido,Lokido,"Beast, Avenger, Fists, Earth",4,Beast|Avenger|Fists|Earth
Forlorn Thespian,Forlorn Thespian,"Beast, Bookworm, Sword, Earth",4,Beast|Bookworm|Sword|Earth
Lele,Lele,"Cat lover, Animal Talker, Staff, Water",4,Cat lover|Animal Talker|Staff|Water
Pasia,Pasia,"Cat lover, Mask, Animal Talker, Hammer",4,Cat lover|Mask|Animal Talker|Hammer
Yuna,Yuna,"Clergy, Eastern, Estrangement, Staff",4,Clergy|Eastern|Estrangement|Staff
Klaudia,Klaudia,"Cooking, Atelier, Bow, Water",4,Cooking|Atelier|Bow|Water
Yukino,Yukino,"Eastern, Fairy, Bow, Water",4,Eastern|Fairy|Bow|Water
Komachi,Komachi,"Eastern, Land of Mi, Lance, Earth",4,Eastern|Land of Mi|Lance|Earth
Nikeh,Nikeh,"Eastern, Outlaw, Katana, Water",4,Eastern|Outlaw|Katana|Water
Bria,Bria,"Elf, Fleareth, Lance, Water",4,Elf|Fleareth|Lance|Water
Ewella,Ewella,"Elf, Lance, Water, Crystal",4,Elf|Lance|Water|Crystal
Radica,Radica,"Elf, Lovesick, Staff, Fire",4,Elf|Lovesick|Staff|Fire
Breeno,Breeno,"Elf, Miglance Palace, Sword, Earth",4,Elf|Miglance Palace|Sword|Earth
Empel,Empel,"Glasses, Atelier, Bookworm, Staff",4,Glasses|Atelier|Bookworm|Staff
Linaria,Linaria,"IDA School, COA, Sword, Fire",4,IDA School|COA|Sword|Fire
Melody,Melody,"IDA School, Estrangement, Staff, Wind",4,IDA School|Estrangement|Staff|Wind
Mighty,Mighty,"IDA School, Napper, Staff, Water",4,IDA School|Napper|Staff|Water
Foran,Foran,"IDA School, Cat Hater, Lance, Water",4,IDA School|Cat Hater|Lance|Water
Helena,Helena,"Mask, Synth Human, Staff, Earth",4,Mask|Synth Human|Staff|Earth
Crimson Reaper,Crimson Reaper,"Mask, Purgatory, Ax, Water",4,Mask|Purgatory|Ax|Water
Bertrand,Bertrand,"Miglance Palace, Shield, Lance, Earth",4,Miglance Palace|Shield|Lance|Earth
Miyu,Miyu,"Miglance Palace, Royalty, Sword, Fire",4,Miglance Palace|Royalty|Sword|Fire
Radias,Radias,"Miglance Palace, Shield, Sword, Fire",4,Miglance Palace|Shield|Sword|Fire
Soira,Soira,"Miglance Palace, Napper, Lance, Wind",4,Miglance Palace|Napper|Lance|Wind
Pizzica,Pizzica,"Minstrel, Northern, Bow, Fire",4,Minstrel|Northern|Bow|Fire
Lovinia,Lovinia,"Minstrel, Spirit Talker, Bow, Wind",4,Minstrel|Spirit Talker|Bow|Wind
Parisa,Parisa,"Minstrel, Cursed, Bow, Fire",4,Minstrel|Cursed|Bow|Fire
Kid,Kid,"New Radical Dreamers, Scars of the Wheel of Time, Katana, Fire",4,New Radical Dreamers|Scars of the Wheel of Time|Katana|Fire
Serge,Serge,"New Radical Dreamers, New Time Drift, Scars of the Wheel of Time, Sword",4,New Radical Dreamers|New Time Drift|Scars of the Wheel of Time|Sword
Pom,Pom,"Scientist, Forager, Gun, Staff",4,Scientist|Forager|Gun|Staff
Tiramisu,Tiramisu,"Sweet tooth, Dragon, Lance, Earth",4,Sweet tooth|Dragon|Lance|Earth
Good Macky,Good Macky,"Sweet tooth, Cat Hater, Fists, Wind",4,Sweet tooth|Cat Hater|Fists|Wind
Violet Lancer,Violet Lancer,"Amnesia, Lost Laboratory, Lance, Earth",4,Amnesia|Lost Laboratory|Lance|Earth
Darunis,Darunis,"Baruoki, Forager, Bow, Wind",4,Baruoki|Forager|Bow|Wind
Elseal,Elseal,"Bookworm, Weapons, Sword, Water",4,Bookworm|Weapons|Sword|Water
Velette,Velette,"Chronos Empire, Miner, Hammer, Thunder",4,Chronos Empire|Miner|Hammer|Thunder
Colette,Colette,"Concerto Artes, Dog lover, Tales of, Staff",4,Concerto Artes|Dog lover|Tales of|Staff
Cress,Cress,"Concerto Artes, Tales of, Sword, Fire",4,Concerto Artes|Tales of|Sword|Fire
Lloyd,Lloyd,"Concerto Artes, Tales of, Katana, Fire",4,Concerto Artes|Tales of|Katana|Fire
Milla,Milla,"Concerto Artes, Tales of, Sword, Water",4,Concerto Artes|Tales of|Sword|Water
Velvet,Velvet,"Concerto Artes, Tales of, Sword, Earth",4,Concerto Artes|Tales of|Sword|Earth
Yuri,Yuri,"Concerto Artes, Tales of, Katana, Wind",4,Concerto Artes|Tales of|Katana|Wind
Shanie,Shanie,"Cursed, Lovesick, Sword, Water",4,Cursed|Lovesick|Sword|Water
Eva,Eva,"Dragon, Staff, Water, Crystal",4,Dragon|Staff|Water|Crystal
Orleya,Orleya,"Estrangement, Ax, Fire, Thunder",4,Estrangement|Ax|Fire|Thunder
Yakumo,Yakumo,"Estrangement, KMS, Staff, Shade",4,Estrangement|KMS|Staff|Shade
Selfless Seeker,Selfless Seeker,"Gun, Outlaw, Bow, Earth",4,Gun|Outlaw|Bow|Earth
Terry,Terry,"KOF, MMA, Fists, Earth",4,KOF|MMA|Fists|Earth
Miranda,Miranda,"Scallywag, Spicy Lover, Ax, Fire",4,Scallywag|Spicy Lover|Ax|Fire
Myrus,Myrus,"Beast, Staff, Earth",3,Beast|Staff|Earth
Mariel,Mariel,"Cat lover, Clergy, Staff",3,Cat lover|Clergy|Staff
Myron,Myron,"Clergy, Sword, Earth",3,Clergy|Sword|Earth
Urania,Urania,"Cooking, Mask, Fists",3,Cooking|Mask|Fists
Chiyo,Chiyo,"Dragon Palace, Staff, Earth",3,Dragon Palace|Staff|Earth
Strawboy,Strawboy,"Eastern, Straw Dummy, Fists",3,Eastern|Straw Dummy|Fists
Hismena,Hismena,"IDA School, Lance, Water",3,IDA School|Lance|Water
Moonlight Flower,Moonlight Flower,"IDA School, Sword, Water",3,IDA School|Sword|Water
Jade,Jade,"IDA School, Lance, Fire",3,IDA School|Lance|Fire
Mayu,Mayu,"IDA School, Staff, Water",3,IDA School|Staff|Water
Saki,Saki,"IDA School, Staff, Water",3,IDA School|Staff|Water
Asia,Asia,"Mask, Estrangement, Bow",3,Mask|Estrangement|Bow
Kilqia,Kilqia,"Mask, Sharp Ears, Staff",3,Mask|Sharp Ears|Staff
Rodeia,Rodeia,"Mask, Sweet tooth, Ax",3,Mask|Sweet tooth|Ax
Sauria,Sauria,"Mask, Nicknamer, Lance",3,Mask|Nicknamer|Lance
Ciel,Ciel,"Minstrel, Bow, Earth",3,Minstrel|Bow|Earth
Noahxis,Noahxis,"Scientist, Hammer, Wind",3,Scientist|Hammer|Wind
Kuchinawa,Kuchinawa,"Arcadia, Staff, Earth",3,Arcadia|Staff|Earth
Sesta,Sesta,"Avenger, Katana, Wind",3,Avenger|Katana|Wind
Tohme,Tohme,"Avenger, Fleareth, Katana",3,Avenger|Fleareth|Katana
Rufus,Rufus,"Bookworm, Fists, Fire",3,Bookworm|Fists|Fire
Gariyu,Gariyu,"Dragon, Staff, Fire",3,Dragon|Staff|Fire
Yio,Yio,"Dragon Killer, Ax, Earth",3,Dragon Killer|Ax|Earth
Emms,Emms,"Fleareth, Napper, Fists",3,Fleareth|Napper|Fists
Natore,Natore,"Fleareth, Ninja, Sword",3,Fleareth|Ninja|Sword
Id,Id,"Purgatory, Fists, Earth",3,Purgatory|Fists|Earth
Denny,Denny,"Scallywag, Ax, Water",3,Scallywag|Ax|Water
Starky,Starky,"Scars of the Wheel of Time, Staff, Crystal",3,Scars of the Wheel of Time|Staff|Crystal
Partitio,Partitio,"Traveler, Bow, Fire",3,Traveler|Bow|Fire
Tithi,Tithi,"Traveler, Fists, Thunder",3,Traveler|Fists|Thunder
Philo,Philo,"Woodcutter, Ax, Water",3,Woodcutter|Ax|Water
Nagi ES,Nagi ES,"Staff, Water, Crystal",3,Staff|Water|Crystal
Isuka ES,Isuka ES,"Sword, Fire, Shade",3,Sword|Fire|Shade
Miyu ES,Miyu ES,"Lance, Earth, Thunder",3,Lance|Earth|Thunder
Melina ES,Melina ES,"Fists, Water, Thunder",3,Fists|Water|Thunder
Toova ES,Toova ES,"Hammer, Water, Shade",3,Hammer|Water|Shade
Mana,Mana,"IDA School, Bow",2,IDA School|Bow
Menesia,Menesia,"Mask, Katana",2,Mask|Katana
Naylia,Naylia,"Mask, Sword",2,Mask|Sword
Ctos,Ctos,"Fleareth, Hammer",2,Fleareth|Hammer
Esta,Esta,"Fleareth, Ax",2,Fleareth|Ax
Nixa,Nixa,"Fleareth, Bow",2,Fleareth|Bow
Yssis,Yssis,"Fleareth, Staff",2,Fleareth|Staff
Een,Een,"Machinery, Lance",2,Machinery|Lance
Koot,Koot,"Machinery, Katana",2,Machinery|Katana
Noome,Noome,"Machinery, Staff",2,Machinery|Staff
Oor,Oor,"Machinery, Ax",2,Machinery|Ax
Saithe,Saithe,"Machinery, Bow",2,Machinery|Bow
Tayme,Tayme,"Machinery, Fists",2,Machinery|Fists
Toole,Toole,"Machinery, Hammer",2,Machinery|Hammer
Uuo,Uuo,"Machinery, Sword",2,Machinery|Sword
Erina,Erina,"Spirit-fused, Staff",2,Spirit-fused|Staff
Claude ES,Claude ES,"Sword, Earth",2,Sword|Earth
Thillelille ES,Thillelille ES,"Sword, Crystal",2,Sword|Crystal
Shigure ES,Shigure ES,"Katana, Wind",2,Katana|Wind
Shion ES,Shion ES,"Katana, Thunder",2,Katana|Thunder
Felmina ES,Felmina ES,"Ax, Water",2,Ax|Water
Anabel ES,Anabel ES,"Lance, Fire",2,Lance|Fire
Necoco ES,Necoco ES,"Bow, Wind",2,Bow|Wind
Tsukiha ES,Tsukiha ES,"Bow, Wind",2,Bow|Wind
Mariel ES,Mariel ES,"Fists, Crystal",2,Fists|Crystal
Uquaji,Uquaji,"Fists, Water",2,Fists|Water
Suzette ES,Suzette ES,"Hammer, Fire",2,Hammer|Fire
